Workbook

Sheet 说明
A1: FemTech 与生殖健康：跨国分析数据底稿（附件二）
A2: 两条证据链并列呈现：跨国模型检验政治体制类型与生殖健康结果的生态关联；隐私证据独立综述应用审计与执法案例。两者不合并，也不在国家层面相互连接。
A4: 项目 | B4: 说明
A5: 论文定位 | B5: 跨国部分仅检验政治体制类型与生殖健康结果的生态关联；隐私部分独立综述应用审计与执法证据。
A6: 分析总体 | B6: 167国分析总体。2023年OWID存档政治体制序列无统一PSE观测值，因此含政治体制的模型 n=166，CPR 模型 n=138。
A7: 主要规格 | B7: log(MMR) ~ 政治体制有序趋势 + logGDP；CPR ~ 政治体制有序趋势 + logGDP。HC3为主要推断，经典OLS并列。
A8: 有序假设 | B8: 政治体制0/1/2/3被视为等距线性趋势；三个虚拟变量模型作为放松等距假设的敏感性分析。
A9: CPR规则 | B9: 主样本采用2010–2023年最新非缺失值并逐国保留年份；另做2015–2023限制样本与加入观测年份的敏感性分析。
A10: 缺失风险 | B10: CPR缺失可能非随机，且在自由民主组集中。HC3只处理异方差，不处理选择性缺失。
A11: 数据与版本 | B11: 政治体制锁定OWID 2026-08-05官方存档（V-Dem v16）；WDI JSON快照保留SHA-256。
A12: 推论边界 | B12: 本工作簿中的国别模型只描述政治体制类型与生殖健康结果之间的生态关联。模型未检验隐私法效应，也未建立 FemTech 采用或隐私事件与政治体制之间的国家层面联系。

Sheet 数据源
A1: 数据源登记表
A2: 完整URL、版本、日期、口径、原始文件名与SHA-256均为可追溯的审计字段。
A4: 数据集 | B4: 来源机构 | C4: 版本/存档 | D4: 下载日期 | E4: 完整URL | F4: 查询范围 | G4: 单位 | H4: 观测年份规则 | I4: 原始文件名 | J4: SHA-256
A5: Maternal mortality ratio | B5: World Bank, World Development Indicators | C5: API snapshot; last updated 2026-07-13 | D5: 2026-09-03 | E5: https://api.worldbank.org/v2/country/all/indicator/SH.STA.MMRT?format=json&per_page=20000 | F5: All economies; latest non-missing observation in 2010-2023 for the retained 167-country analytic sample | G5: Maternal deaths per 100,000 live births | H5: Latest non-missing value, 2010-2023 | I5: mmr.json | J5: d19e18021c680f5f910b13c9d9f93d4219824cc5b0f44350e1b69e8840b07c73
A6: GDP per capita, PPP | B6: World Bank, World Development Indicators | C6: API snapshot; last updated 2026-07-13 | D6: 2026-09-03 | E6: https://api.worldbank.org/v2/country/all/indicator/NY.GDP.PCAP.PP.KD?format=json&per_page=20000 | F6: All economies; latest non-missing observation in 2010-2023 for the retained 167-country analytic sample | G6: Constant 2021 international dollars per person | H6: Latest non-missing value, 2010-2023; log generated as LN(raw GDP) | I6: gdp.json | J6: c610e48829239b4b7fbdae26883093fa70f0c2e4cff6845d314beec722c7f6a5
A7: Contraceptive prevalence, any method | B7: World Bank, World Development Indicators | C7: API snapshot; last updated 2026-07-13 | D7: 2026-09-03 | E7: https://api.worldbank.org/v2/country/all/indicator/SP.DYN.CONU.ZS?format=json&per_page=20000 | F7: All economies; latest non-missing observation in 2010-2023 for the retained 167-country analytic sample | G7: % of married women ages 15-49 | H7: Latest non-missing value, 2010-2023; missing retained and flagged | I7: cpr.json | J7: 260237f909d0f09b84eae91b3746403ffaec82199b23c02a0669e9ff28cc76e5
A8: Political regime (Regimes of the World) | B8: V-Dem v16, processed by Our World in Data | C8: OWID archive 2026-08-05 14:35 UTC; source last updated 2026-03-17 | D8: 2026-09-03 | E8: https://archive.ourworldindata.org/20260805-143540/grapher/political-regime.html | F8: 2023 classification for the retained 167-country analytic sample | G8: 0 closed autocracy; 1 electoral autocracy; 2 electoral democracy; 3 liberal democracy | H8: Fixed at 2023 | I8: 1210053.data.json + 1210053.metadata.json | J8: 03b99952aae74eb78cdfaf600be6178eff422356e412447ad43d7f103e5bf1fd / 5b86ddda5ba7f246d1983e12e37e8628258d46eae179e88beed0d9cad822c24d
A10: 注：表中 SHA-256 为按上述 URL 于「下载日期」抓取的原始文件（WDI 三个 JSON 与 OWID 政治体制数据文件）校验值。重新抓取时若源端已更新，校验值可能不同；验证需使用同日抓取的原始文件。

Sheet 跨国底稿
A1: 跨国逐国审计底稿
A2: 每行一国；黄色列为公式生成。PSE保留在167国审计总体中，但2023年无统一政治体制观测。
A4: ISO3 | B4: 国家 | C4: MMR | D4: MMR年份 | E4: 原始GDP | F4: GDP年份 | G4: logGDP（公式） | H4: 政治体制代码 | I4: 文字类别 | J4: 政治体制年份 | K4: CPR | L4: CPR年份 | M4: CPR缺失标记（公式） | N4: log(MMR)（公式） | O4: Regime=1 | P4: Regime=2 | Q4: Regime=3 | R4: CPR年份-2018 | S4: 审计备注
A5: AFG | B5: Afghanistan | C5: 521 | D5: 2023 | E5: 1983.8126 | F5: 2023 | G5: =LN(E5) -> 7.5927758 | H5: 0 | I5: Closed autocracy | J5: 2023 | K5: 22.5 | L5: 2015 | M5: =IF(K5="","Missing","Observed") -> Observed | N5: =LN(C5) -> 6.25575 | O5: =IF($H5=1,1,0) -> 0 | P5: =IF($H5=2,1,0) -> 0 | Q5: =IF($H5=3,1,0) -> 0 | R5: =IF($L5="","",$L5-2018) -> -3
A6: ALB | B6: Albania | C6: 7 | D6: 2023 | E6: 20501.647 | F6: 2023 | G6: =LN(E6) -> 9.9282605 | H6: 2 | I6: Electoral democracy | J6: 2023 | K6: 46 | L6: 2018 | M6: =IF(K6="","Missing","Observed") -> Observed | N6: =LN(C6) -> 1.9459101 | O6: =IF($H6=1,1,0) -> 0 | P6: =IF($H6=2,1,0) -> 1 | Q6: =IF($H6=3,1,0) -> 0 | R6: =IF($L6="","",$L6-2018) -> 0
A7: DZA | B7: Algeria | C7: 62 | D7: 2023 | E7: 15159.324 | F7: 2023 | G7: =LN(E7) -> 9.6263711 | H7: 1 | I7: Electoral autocracy | J7: 2023 | K7: 53.6 | L7: 2019 | M7: =IF(K7="","Missing","Observed") -> Observed | N7: =LN(C7) -> 4.1271344 | O7: =IF($H7=1,1,0) -> 1 | P7: =IF($H7=2,1,0) -> 0 | Q7: =IF($H7=3,1,0) -> 0 | R7: =IF($L7="","",$L7-2018) -> 1
A8: AGO | B8: Angola | C8: 183 | D8: 2023 | E8: 8597.5388 | F8: 2023 | G8: =LN(E8) -> 9.0592313 | H8: 1 | I8: Electoral autocracy | J8: 2023 | K8: 13.7 | L8: 2016 | M8: =IF(K8="","Missing","Observed") -> Observed | N8: =LN(C8) -> 5.2094862 | O8: =IF($H8=1,1,0) -> 1 | P8: =IF($H8=2,1,0) -> 0 | Q8: =IF($H8=3,1,0) -> 0 | R8: =IF($L8="","",$L8-2018) -> -2
A9: ARG | B9: Argentina | C9: 33 | D9: 2023 | E9: 27230.397 | F9: 2023 | G9: =LN(E9) -> 10.212089 | H9: 2 | I9: Electoral democracy | J9: 2023 | K9: 70.102709 | L9: 2020 | M9: =IF(K9="","Missing","Observed") -> Observed | N9: =LN(C9) -> 3.4965076 | O9: =IF($H9=1,1,0) -> 0 | P9: =IF($H9=2,1,0) -> 1 | Q9: =IF($H9=3,1,0) -> 0 | R9: =IF($L9="","",$L9-2018) -> 2
A10: ARM | B10: Armenia | C10: 19 | D10: 2023 | E10: 19402.751 | F10: 2023 | G10: =LN(E10) -> 9.8731701 | H10: 2 | I10: Electoral democracy | J10: 2023 | K10: 57.1 | L10: 2016 | M10: =IF(K10="","Missing","Observed") -> Observed | N10: =LN(C10) -> 2.944439 | O10: =IF($H10=1,1,0) -> 0 | P10: =IF($H10=2,1,0) -> 1 | Q10: =IF($H10=3,1,0) -> 0 | R10: =IF($L10="","",$L10-2018) -> -2
A11: AUS | B11: Australia | C11: 2 | D11: 2023 | E11: 60684.96 | F11: 2023 | G11: =LN(E11) -> 11.013451 | H11: 3 | I11: Liberal democracy | J11: 2023 | K11: 66.93 | L11: 2016 | M11: =IF(K11="","Missing","Observed") -> Observed | N11: =LN(C11) -> 0.69314718 | O11: =IF($H11=1,1,0) -> 0 | P11: =IF($H11=2,1,0) -> 0 | Q11: =IF($H11=3,1,0) -> 1 | R11: =IF($L11="","",$L11-2018) -> -2
A12: AUT | B12: Austria | C12: 6 | D12: 2023 | E12: 64536.208 | F12: 2023 | G12: =LN(E12) -> 11.074982 | H12: 3 | I12: Liberal democracy | J12: 2023 | K12: 65.652575 | L12: 2013 | M12: =IF(K12="","Missing","Observed") -> Observed | N12: =LN(C12) -> 1.7917595 | O12: =IF($H12=1,1,0) -> 0 | P12: =IF($H12=2,1,0) -> 0 | Q12: =IF($H12=3,1,0) -> 1 | R12: =IF($L12="","",$L12-2018) -> -5
A13: AZE | B13: Azerbaijan | C13: 18 | D13: 2023 | E13: 21310.739 | F13: 2023 | G13: =LN(E13) -> 9.9669664 | H13: 1 | I13: Electoral autocracy | J13: 2023 | K13: 54.9 | L13: 2011 | M13: =IF(K13="","Missing","Observed") -> Observed | N13: =LN(C13) -> 2.8903718 | O13: =IF($H13=1,1,0) -> 1 | P13: =IF($H13=2,1,0) -> 0 | Q13: =IF($H13=3,1,0) -> 0 | R13: =IF($L13="","",$L13-2018) -> -7
A14: BHR | B14: Bahrain | C14: 17 | D14: 2023 | E14: 57819.905 | F14: 2023 | G14: =LN(E14) -> 10.965088 | H14: 0 | I14: Closed autocracy | J14: 2023 | M14: =IF(K14="","Missing","Observed") -> Missing | N14: =LN(C14) -> 2.8332133 | O14: =IF($H14=1,1,0) -> 0 | P14: =IF($H14=2,1,0) -> 0 | Q14: =IF($H14=3,1,0) -> 0 | R14: =IF($L14="","",$L14-2018)
A15: BGD | B15: Bangladesh | C15: 115 | D15: 2023 | E15: 8242.398 | F15: 2023 | G15: =LN(E15) -> 9.0170466 | H15: 1 | I15: Electoral autocracy | J15: 2023 | K15: 64 | L15: 2022 | M15: =IF(K15="","Missing","Observed") -> Observed | N15: =LN(C15) -> 4.7449321 | O15: =IF($H15=1,1,0) -> 1 | P15: =IF($H15=2,1,0) -> 0 | Q15: =IF($H15=3,1,0) -> 0 | R15: =IF($L15="","",$L15-2018) -> 4
A16: BRB | B16: Barbados | C16: 35 | D16: 2023 | E16: 20865.016 | F16: 2023 | G16: =LN(E16) -> 9.9458291 | H16: 3 | I16: Liberal democracy | J16: 2023 | K16: 59.20685 | L16: 2012 | M16: =IF(K16="","Missing","Observed") -> Observed | N16: =LN(C16) -> 3.5553481 | O16: =IF($H16=1,1,0) -> 0 | P16: =IF($H16=2,1,0) -> 0 | Q16: =IF($H16=3,1,0) -> 1 | R16: =IF($L16="","",$L16-2018) -> -6
A17: BLR | B17: Belarus | C17: 1 | D17: 2023 | E17: 27782.438 | F17: 2023 | G17: =LN(E17) -> 10.232159 | H17: 1 | I17: Electoral autocracy | J17: 2023 | K17: 52.6 | L17: 2019 | M17: =IF(K17="","Missing","Observed") -> Observed | N17: =LN(C17) -> 0 | O17: =IF($H17=1,1,0) -> 1 | P17: =IF($H17=2,1,0) -> 0 | Q17: =IF($H17=3,1,0) -> 0 | R17: =IF($L17="","",$L17-2018) -> 1
A18: BEL | B18: Belgium | C18: 4 | D18: 2023 | E18: 63042.01 | F18: 2023 | G18: =LN(E18) -> 11.051557 | H18: 3 | I18: Liberal democracy | J18: 2023 | K18: 66.7 | L18: 2018 | M18: =IF(K18="","Missing","Observed") -> Observed | N18: =LN(C18) -> 1.3862944 | O18: =IF($H18=1,1,0) -> 0 | P18: =IF($H18=2,1,0) -> 0 | Q18: =IF($H18=3,1,0) -> 1 | R18: =IF($L18="","",$L18-2018) -> 0
A19: BEN | B19: Benin | C19: 518 | D19: 2023 | E19: 3721.2125 | F19: 2023 | G19: =LN(E19) -> 8.2218048 | H19: 1 | I19: Electoral autocracy | J19: 2023 | K19: 22.4 | L19: 2022 | M19: =IF(K19="","Missing","Observed") -> Observed | N19: =LN(C19) -> 6.2499752 | O19: =IF($H19=1,1,0) -> 1 | P19: =IF($H19=2,1,0) -> 0 | Q19: =IF($H19=3,1,0) -> 0 | R19: =IF($L19="","",$L19-2018) -> 4
A20: BTN | B20: Bhutan | C20: 47 | D20: 2023 | E20: 14610.296 | F20: 2023 | G20: =LN(E20) -> 9.5894818 | H20: 3 | I20: Liberal democracy | J20: 2023 | K20: 65.604097 | L20: 2010 | M20: =IF(K20="","Missing","Observed") -> Observed | N20: =LN(C20) -> 3.8501476 | O20: =IF($H20=1,1,0) -> 0 | P20: =IF($H20=2,1,0) -> 0 | Q20: =IF($H20=3,1,0) -> 1 | R20: =IF($L20="","",$L20-2018) -> -8
A21: BOL | B21: Bolivia | C21: 146 | D21: 2023 | E21: 11616.158 | F21: 2023 | G21: =LN(E21) -> 9.3601523 | H21: 2 | I21: Electoral democracy | J21: 2023 | K21: 66.5 | L21: 2016 | M21: =IF(K21="","Missing","Observed") -> Observed | N21: =LN(C21) -> 4.9836066 | O21: =IF($H21=1,1,0) -> 0 | P21: =IF($H21=2,1,0) -> 1 | Q21: =IF($H21=3,1,0) -> 0 | R21: =IF($L21="","",$L21-2018) -> -2
A22: BIH | B22: Bosnia and Herzegovina | C22: 6 | D22: 2023 | E22: 19804.918 | F22: 2023 | G22: =LN(E22) -> 9.8936856 | H22: 2 | I22: Electoral democracy | J22: 2023 | K22: 46.01743 | L22: 2012 | M22: =IF(K22="","Missing","Observed") -> Observed | N22: =LN(C22) -> 1.7917595 | O22: =IF($H22=1,1,0) -> 0 | P22: =IF($H22=2,1,0) -> 1 | Q22: =IF($H22=3,1,0) -> 0 | R22: =IF($L22="","",$L22-2018) -> -6
A23: BWA | B23: Botswana | C23: 155 | D23: 2023 | E23: 18932.48 | F23: 2023 | G23: =LN(E23) -> 9.8486343 | H23: 2 | I23: Electoral democracy | J23: 2023 | K23: 67.4 | L23: 2017 | M23: =IF(K23="","Missing","Observed") -> Observed | N23: =LN(C23) -> 5.0434251 | O23: =IF($H23=1,1,0) -> 0 | P23: =IF($H23=2,1,0) -> 1 | Q23: =IF($H23=3,1,0) -> 0 | R23: =IF($L23="","",$L23-2018) -> -1
A24: BRA | B24: Brazil | C24: 67 | D24: 2023 | E24: 19079.812 | F24: 2023 | G24: =LN(E24) -> 9.8563861 | H24: 2 | I24: Electoral democracy | J24: 2023 | K24: 80.2005 | L24: 2013 | M24: =IF(K24="","Missing","Observed") -> Observed | N24: =LN(C24) -> 4.2046926 | O24: =IF($H24=1,1,0) -> 0 | P24: =IF($H24=2,1,0) -> 1 | Q24: =IF($H24=3,1,0) -> 0 | R24: =IF($L24="","",$L24-2018) -> -5
A25: BGR | B25: Bulgaria | C25: 6 | D25: 2023 | E25: 33073.68 | F25: 2023 | G25: =LN(E25) -> 10.406493 | H25: 2 | I25: Electoral democracy | J25: 2023 | M25: =IF(K25="","Missing","Observed") -> Missing | N25: =LN(C25) -> 1.7917595 | O25: =IF($H25=1,1,0) -> 0 | P25: =IF($H25=2,1,0) -> 1 | Q25: =IF($H25=3,1,0) -> 0 | R25: =IF($L25="","",$L25-2018)
A26: BFA | B26: Burkina Faso | C26: 242 | D26: 2023 | E26: 2486.2067 | F26: 2023 | G26: =LN(E26) -> 7.8185134 | H26: 0 | I26: Closed autocracy | J26: 2023 | K26: 33.96274 | L26: 2022 | M26: =IF(K26="","Missing","Observed") -> Observed | N26: =LN(C26) -> 5.4889377 | O26: =IF($H26=1,1,0) -> 0 | P26: =IF($H26=2,1,0) -> 0 | Q26: =IF($H26=3,1,0) -> 0 | R26: =IF($L26="","",$L26-2018) -> 4
A27: BDI | B27: Burundi | C27: 392 | D27: 2023 | E27: 1033.0094 | F27: 2023 | G27: =LN(E27) -> 6.9402315 | H27: 1 | I27: Electoral autocracy | J27: 2023 | K27: 28.5 | L27: 2017 | M27: =IF(K27="","Missing","Observed") -> Observed | N27: =LN(C27) -> 5.9712618 | O27: =IF($H27=1,1,0) -> 1 | P27: =IF($H27=2,1,0) -> 0 | Q27: =IF($H27=3,1,0) -> 0 | R27: =IF($L27="","",$L27-2018) -> -1
A28: CPV | B28: Cabo Verde | C28: 40 | D28: 2023 | E28: 9228.4605 | F28: 2023 | G28: =LN(E28) -> 9.1300475 | H28: 2 | I28: Electoral democracy | J28: 2023 | K28: 55.8 | L28: 2018 | M28: =IF(K28="","Missing","Observed") -> Observed | N28: =LN(C28) -> 3.6888795 | O28: =IF($H28=1,1,0) -> 0 | P28: =IF($H28=2,1,0) -> 1 | Q28: =IF($H28=3,1,0) -> 0 | R28: =IF($L28="","",$L28-2018) -> 0
A29: KHM | B29: Cambodia | C29: 137 | D29: 2023 | E29: 6695.2919 | F29: 2023 | G29: =LN(E29) -> 8.8091599 | H29: 1 | I29: Electoral autocracy | J29: 2023 | K29: 61.9 | L29: 2022 | M29: =IF(K29="","Missing","Observed") -> Observed | N29: =LN(C29) -> 4.9199809 | O29: =IF($H29=1,1,0) -> 1 | P29: =IF($H29=2,1,0) -> 0 | Q29: =IF($H29=3,1,0) -> 0 | R29: =IF($L29="","",$L29-2018) -> 4
A30: CMR | B30: Cameroon | C30: 258 | D30: 2023 | E30: 4875.2512 | F30: 2023 | G30: =LN(E30) -> 8.4919269 | H30: 1 | I30: Electoral autocracy | J30: 2023 | K30: 19.3 | L30: 2018 | M30: =IF(K30="","Missing","Observed") -> Observed | N30: =LN(C30) -> 5.5529596 | O30: =IF($H30=1,1,0) -> 1 | P30: =IF($H30=2,1,0) -> 0 | Q30: =IF($H30=3,1,0) -> 0 | R30: =IF($L30="","",$L30-2018) -> 0
A31: CAN | B31: Canada | C31: 12 | D31: 2023 | E31: 58088.378 | F31: 2023 | G31: =LN(E31) -> 10.969721 | H31: 2 | I31: Electoral democracy | J31: 2023 | M31: =IF(K31="","Missing","Observed") -> Missing | N31: =LN(C31) -> 2.4849066 | O31: =IF($H31=1,1,0) -> 0 | P31: =IF($H31=2,1,0) -> 1 | Q31: =IF($H31=3,1,0) -> 0 | R31: =IF($L31="","",$L31-2018)
A32: CAF | B32: Central African Republic | C32: 692 | D32: 2023 | E32: 1132.6764 | F32: 2023 | G32: =LN(E32) -> 7.0323386 | H32: 1 | I32: Electoral autocracy | J32: 2023 | K32: 17.8 | L32: 2019 | M32: =IF(K32="","Missing","Observed") -> Observed | N32: =LN(C32) -> 6.539586 | O32: =IF($H32=1,1,0) -> 1 | P32: =IF($H32=2,1,0) -> 0 | Q32: =IF($H32=3,1,0) -> 0 | R32: =IF($L32="","",$L32-2018) -> 1
A33: TCD | B33: Chad | C33: 748 | D33: 2023 | E33: 2433.5333 | F33: 2023 | G33: =LN(E33) -> 7.7970995 | H33: 0 | I33: Closed autocracy | J33: 2023 | K33: 8.1 | L33: 2019 | M33: =IF(K33="","Missing","Observed") -> Observed | N33: =LN(C33) -> 6.617403 | O33: =IF($H33=1,1,0) -> 0 | P33: =IF($H33=2,1,0) -> 0 | Q33: =IF($H33=3,1,0) -> 0 | R33: =IF($L33="","",$L33-2018) -> 1
A34: CHL | B34: Chile | C34: 10 | D34: 2023 | E34: 29600.419 | F34: 2023 | G34: =LN(E34) -> 10.295544 | H34: 3 | I34: Liberal democracy | J34: 2023 | K34: 76.263525 | L34: 2016 | M34: =IF(K34="","Missing","Observed") -> Observed | N34: =LN(C34) -> 2.3025851 | O34: =IF($H34=1,1,0) -> 0 | P34: =IF($H34=2,1,0) -> 0 | Q34: =IF($H34=3,1,0) -> 1 | R34: =IF($L34="","",$L34-2018) -> -2
A35: CHN | B35: China | C35: 16 | D35: 2023 | E35: 22687.252 | F35: 2023 | G35: =LN(E35) -> 10.029558 | H35: 0 | I35: Closed autocracy | J35: 2023 | K35: 84.5 | L35: 2017 | M35: =IF(K35="","Missing","Observed") -> Observed | N35: =LN(C35) -> 2.7725887 | O35: =IF($H35=1,1,0) -> 0 | P35: =IF($H35=2,1,0) -> 0 | Q35: =IF($H35=3,1,0) -> 0 | R35: =IF($L35="","",$L35-2018) -> -1
A36: COL | B36: Colombia | C36: 59 | D36: 2023 | E36: 18406.624 | F36: 2023 | G36: =LN(E36) -> 9.8204659 | H36: 2 | I36: Electoral democracy | J36: 2023 | K36: 81 | L36: 2015 | M36: =IF(K36="","Missing","Observed") -> Observed | N36: =LN(C36) -> 4.0775374 | O36: =IF($H36=1,1,0) -> 0 | P36: =IF($H36=2,1,0) -> 1 | Q36: =IF($H36=3,1,0) -> 0 | R36: =IF($L36="","",$L36-2018) -> -3
A37: COM | B37: Comoros | C37: 179 | D37: 2023 | E37: 3508.1586 | F37: 2023 | G37: =LN(E37) -> 8.1628466 | H37: 1 | I37: Electoral autocracy | J37: 2023 | K37: 11.6 | L37: 2022 | M37: =IF(K37="","Missing","Observed") -> Observed | N37: =LN(C37) -> 5.1873858 | O37: =IF($H37=1,1,0) -> 1 | P37: =IF($H37=2,1,0) -> 0 | Q37: =IF($H37=3,1,0) -> 0 | R37: =IF($L37="","",$L37-2018) -> 4
A38: COD | B38: Congo, Dem. Rep. | C38: 427 | D38: 2023 | E38: 1559.3381 | F38: 2023 | G38: =LN(E38) -> 7.3520167 | H38: 1 | I38: Electoral autocracy | J38: 2023 | K38: 28.128686 | L38: 2018 | M38: =IF(K38="","Missing","Observed") -> Observed | N38: =LN(C38) -> 6.056784 | O38: =IF($H38=1,1,0) -> 1 | P38: =IF($H38=2,1,0) -> 0 | Q38: =IF($H38=3,1,0) -> 0 | R38: =IF($L38="","",$L38-2018) -> 0
A39: COG | B39: Congo, Rep. | C39: 241 | D39: 2023 | E39: 6172.2878 | F39: 2023 | G39: =LN(E39) -> 8.7278248 | H39: 1 | I39: Electoral autocracy | J39: 2023 | K39: 30.119493 | L39: 2015 | M39: =IF(K39="","Missing","Observed") -> Observed | N39: =LN(C39) -> 5.4847969 | O39: =IF($H39=1,1,0) -> 1 | P39: =IF($H39=2,1,0) -> 0 | Q39: =IF($H39=3,1,0) -> 0 | R39: =IF($L39="","",$L39-2018) -> -3
A40: CRI | B40: Costa Rica | C40: 24 | D40: 2023 | E40: 26378.541 | F40: 2023 | G40: =LN(E40) -> 10.180306 | H40: 3 | I40: Liberal democracy | J40: 2023 | K40: 70.9 | L40: 2018 | M40: =IF(K40="","Missing","Observed") -> Observed | N40: =LN(C40) -> 3.1780538 | O40: =IF($H40=1,1,0) -> 0 | P40: =IF($H40=2,1,0) -> 0 | Q40: =IF($H40=3,1,0) -> 1 | R40: =IF($L40="","",$L40-2018) -> 0
A41: CIV | B41: Cote d'Ivoire | C41: 359 | D41: 2023 | E41: 6520.8989 | F41: 2023 | G41: =LN(E41) -> 8.7827675 | H41: 1 | I41: Electoral autocracy | J41: 2023 | K41: 31.971157 | L41: 2022 | M41: =IF(K41="","Missing","Observed") -> Observed | N41: =LN(C41) -> 5.8833224 | O41: =IF($H41=1,1,0) -> 1 | P41: =IF($H41=2,1,0) -> 0 | Q41: =IF($H41=3,1,0) -> 0 | R41: =IF($L41="","",$L41-2018) -> 4
A42: HRV | B42: Croatia | C42: 3 | D42: 2023 | E42: 41320.258 | F42: 2023 | G42: =LN(E42) -> 10.629108 | H42: 2 | I42: Electoral democracy | J42: 2023 | M42: =IF(K42="","Missing","Observed") -> Missing | N42: =LN(C42) -> 1.0986123 | O42: =IF($H42=1,1,0) -> 0 | P42: =IF($H42=2,1,0) -> 1 | Q42: =IF($H42=3,1,0) -> 0 | R42: =IF($L42="","",$L42-2018)
A43: CYP | B43: Cyprus | C43: 14 | D43: 2023 | E43: 51674.902 | F43: 2023 | G43: =LN(E43) -> 10.852727 | H43: 3 | I43: Liberal democracy | J43: 2023 | M43: =IF(K43="","Missing","Observed") -> Missing | N43: =LN(C43) -> 2.6390573 | O43: =IF($H43=1,1,0) -> 0 | P43: =IF($H43=2,1,0) -> 0 | Q43: =IF($H43=3,1,0) -> 1 | R43: =IF($L43="","",$L43-2018)
A44: CZE | B44: Czechia | C44: 3 | D44: 2023 | E44: 47558.411 | F44: 2023 | G44: =LN(E44) -> 10.769714 | H44: 3 | I44: Liberal democracy | J44: 2023 | M44: =IF(K44="","Missing","Observed") -> Missing | N44: =LN(C44) -> 1.0986123 | O44: =IF($H44=1,1,0) -> 0 | P44: =IF($H44=2,1,0) -> 0 | Q44: =IF($H44=3,1,0) -> 1 | R44: =IF($L44="","",$L44-2018)
A45: DNK | B45: Denmark | C45: 4 | D45: 2023 | E45: 68993.903 | F45: 2023 | G45: =LN(E45) -> 11.141773 | H45: 3 | I45: Liberal democracy | J45: 2023 | M45: =IF(K45="","Missing","Observed") -> Missing | N45: =LN(C45) -> 1.3862944 | O45: =IF($H45=1,1,0) -> 0 | P45: =IF($H45=2,1,0) -> 0 | Q45: =IF($H45=3,1,0) -> 1 | R45: =IF($L45="","",$L45-2018)
A46: DJI | B46: Djibouti | C46: 162 | D46: 2023 | E46: 6510.6786 | F46: 2023 | G46: =LN(E46) -> 8.781199 | H46: 1 | I46: Electoral autocracy | J46: 2023 | K46: 19 | L46: 2012 | M46: =IF(K46="","Missing","Observed") -> Observed | N46: =LN(C46) -> 5.0875963 | O46: =IF($H46=1,1,0) -> 1 | P46: =IF($H46=2,1,0) -> 0 | Q46: =IF($H46=3,1,0) -> 0 | R46: =IF($L46="","",$L46-2018) -> -6
A47: DOM | B47: Dominican Republic | C47: 124 | D47: 2023 | E47: 23282.49 | F47: 2023 | G47: =LN(E47) -> 10.055457 | H47: 2 | I47: Electoral democracy | J47: 2023 | K47: 62.777989 | L47: 2019 | M47: =IF(K47="","Missing","Observed") -> Observed | N47: =LN(C47) -> 4.8202816 | O47: =IF($H47=1,1,0) -> 0 | P47: =IF($H47=2,1,0) -> 1 | Q47: =IF($H47=3,1,0) -> 0 | R47: =IF($L47="","",$L47-2018) -> 1
A48: ECU | B48: Ecuador | C48: 55 | D48: 2023 | E48: 14321.165 | F48: 2023 | G48: =LN(E48) -> 9.5694938 | H48: 2 | I48: Electoral democracy | J48: 2023 | K48: 77.850042 | L48: 2018 | M48: =IF(K48="","Missing","Observed") -> Observed | N48: =LN(C48) -> 4.0073332 | O48: =IF($H48=1,1,0) -> 0 | P48: =IF($H48=2,1,0) -> 1 | Q48: =IF($H48=3,1,0) -> 0 | R48: =IF($L48="","",$L48-2018) -> 0
A49: EGY | B49: Egypt, Arab Rep. | C49: 17 | D49: 2023 | E49: 16691.387 | F49: 2023 | G49: =LN(E49) -> 9.7226481 | H49: 1 | I49: Electoral autocracy | J49: 2023 | K49: 58.5 | L49: 2014 | M49: =IF(K49="","Missing","Observed") -> Observed | N49: =LN(C49) -> 2.8332133 | O49: =IF($H49=1,1,0) -> 1 | P49: =IF($H49=2,1,0) -> 0 | Q49: =IF($H49=3,1,0) -> 0 | R49: =IF($L49="","",$L49-2018) -> -4
A50: SLV | B50: El Salvador | C50: 39 | D50: 2023 | E50: 11404.334 | F50: 2023 | G50: =LN(E50) -> 9.3417488 | H50: 1 | I50: Electoral autocracy | J50: 2023 | K50: 53.6 | L50: 2021 | M50: =IF(K50="","Missing","Observed") -> Observed | N50: =LN(C50) -> 3.6635616 | O50: =IF($H50=1,1,0) -> 1 | P50: =IF($H50=2,1,0) -> 0 | Q50: =IF($H50=3,1,0) -> 0 | R50: =IF($L50="","",$L50-2018) -> 3
A51: GNQ | B51: Equatorial Guinea | C51: 174 | D51: 2023 | E51: 15302.152 | F51: 2023 | G51: =LN(E51) -> 9.6357487 | H51: 1 | I51: Electoral autocracy | J51: 2023 | K51: 12.6 | L51: 2011 | M51: =IF(K51="","Missing","Observed") -> Observed | N51: =LN(C51) -> 5.1590553 | O51: =IF($H51=1,1,0) -> 1 | P51: =IF($H51=2,1,0) -> 0 | Q51: =IF($H51=3,1,0) -> 0 | R51: =IF($L51="","",$L51-2018) -> -7
A52: EST | B52: Estonia | C52: 5 | D52: 2023 | E52: 41284.775 | F52: 2023 | G52: =LN(E52) -> 10.628249 | H52: 3 | I52: Liberal democracy | J52: 2023 | K52: 75.097873 | L52: 2014 | M52: =IF(K52="","Missing","Observed") -> Observed | N52: =LN(C52) -> 1.6094379 | O52: =IF($H52=1,1,0) -> 0 | P52: =IF($H52=2,1,0) -> 0 | Q52: =IF($H52=3,1,0) -> 1 | R52: =IF($L52="","",$L52-2018) -> -4
A53: SWZ | B53: Eswatini | C53: 118 | D53: 2023 | E53: 10181.504 | F53: 2023 | G53: =LN(E53) -> 9.228328 | H53: 0 | I53: Closed autocracy | J53: 2023 | K53: 57.7 | L53: 2022 | M53: =IF(K53="","Missing","Observed") -> Observed | N53: =LN(C53) -> 4.7706846 | O53: =IF($H53=1,1,0) -> 0 | P53: =IF($H53=2,1,0) -> 0 | Q53: =IF($H53=3,1,0) -> 0 | R53: =IF($L53="","",$L53-2018) -> 4
A54: ETH | B54: Ethiopia | C54: 195 | D54: 2023 | E54: 2757.9592 | F54: 2023 | G54: =LN(E54) -> 7.9222463 | H54: 1 | I54: Electoral autocracy | J54: 2023 | K54: 36.070565 | L54: 2021 | M54: =IF(K54="","Missing","Observed") -> Observed | N54: =LN(C54) -> 5.2729996 | O54: =IF($H54=1,1,0) -> 1 | P54: =IF($H54=2,1,0) -> 0 | Q54: =IF($H54=3,1,0) -> 0 | R54: =IF($L54="","",$L54-2018) -> 3
A55: FJI | B55: Fiji | C55: 30 | D55: 2023 | E55: 13194.805 | F55: 2023 | G55: =LN(E55) -> 9.4875785 | H55: 2 | I55: Electoral democracy | J55: 2023 | K55: 35.4 | L55: 2021 | M55: =IF(K55="","Missing","Observed") -> Observed | N55: =LN(C55) -> 3.4011974 | O55: =IF($H55=1,1,0) -> 0 | P55: =IF($H55=2,1,0) -> 1 | Q55: =IF($H55=3,1,0) -> 0 | R55: =IF($L55="","",$L55-2018) -> 3
A56: FIN | B56: Finland | C56: 8 | D56: 2023 | E56: 56051.77 | F56: 2023 | G56: =LN(E56) -> 10.934031 | H56: 3 | I56: Liberal democracy | J56: 2023 | K56: 85.47486 | L56: 2015 | M56: =IF(K56="","Missing","Observed") -> Observed | N56: =LN(C56) -> 2.0794415 | O56: =IF($H56=1,1,0) -> 0 | P56: =IF($H56=2,1,0) -> 0 | Q56: =IF($H56=3,1,0) -> 1 | R56: =IF($L56="","",$L56-2018) -> -3
A57: FRA | B57: France | C57: 7 | D57: 2023 | E57: 54296.723 | F57: 2023 | G57: =LN(E57) -> 10.902219 | H57: 3 | I57: Liberal democracy | J57: 2023 | K57: 78.4 | L57: 2010 | M57: =IF(K57="","Missing","Observed") -> Observed | N57: =LN(C57) -> 1.9459101 | O57: =IF($H57=1,1,0) -> 0 | P57: =IF($H57=2,1,0) -> 0 | Q57: =IF($H57=3,1,0) -> 1 | R57: =IF($L57="","",$L57-2018) -> -8
... A62: GHA | B62: Ghana | C62: 234 | D62: 2023 | E62: 6808.5378 | F62: 2023 | G62: =LN(E62) -> 8.8259327 | H62: 2 | I62: Electoral democracy | J62: 2023 | K62: 36.3 | L62: 2022 | M62: =IF(K62="","Missing","Observed") -> Observed | N62: =LN(C62) -> 5.4553211 | O62: =IF($H62=1,1,0) -> 0 | P62: =IF($H62=2,1,0) -> 1 | Q62: =IF($H62=3,1,0) -> 0 | R62: =IF($L62="","",$L62-2018) -> 4
A63: GRC | B63: Greece | C63: 5 | D63: 2023 | E63: 36700.513 | F63: 2023 | G63: =LN(E63) -> 10.510546 | H63: 2 | I63: Electoral democracy | J63: 2023 | M63: =IF(K63="","Missing","Observed") -> Missing | N63: =LN(C63) -> 1.6094379 | O63: =IF($H63=1,1,0) -> 0 | P63: =IF($H63=2,1,0) -> 1 | Q63: =IF($H63=3,1,0) -> 0 | R63: =IF($L63="","",$L63-2018)
A64: GTM | B64: Guatemala | C64: 94 | D64: 2023 | E64: 12380.372 | F64: 2023 | G64: =LN(E64) -> 9.4238676 | H64: 2 | I64: Electoral democracy | J64: 2023 | K64: 60.6 | L64: 2015 | M64: =IF(K64="","Missing","Observed") -> Observed | N64: =LN(C64) -> 4.5432948 | O64: =IF($H64=1,1,0) -> 0 | P64: =IF($H64=2,1,0) -> 1 | Q64: =IF($H64=3,1,0) -> 0 | R64: =IF($L64="","",$L64-2018) -> -3
A65: GIN | B65: Guinea | C65: 494 | D65: 2023 | E65: 3904.824 | F65: 2023 | G65: =LN(E65) -> 8.269968 | H65: 0 | I65: Closed autocracy | J65: 2023 | K65: 10.9 | L65: 2018 | M65: =IF(K65="","Missing","Observed") -> Observed | N65: =LN(C65) -> 6.2025355 | O65: =IF($H65=1,1,0) -> 0 | P65: =IF($H65=2,1,0) -> 0 | Q65: =IF($H65=3,1,0) -> 0 | R65: =IF($L65="","",$L65-2018) -> 0
A66: GNB | B66: Guinea-Bissau | C66: 505 | D66: 2023 | E66: 2660.8144 | F66: 2023 | G66: =LN(E66) -> 7.8863875 | H66: 1 | I66: Electoral autocracy | J66: 2023 | K66: 21.201503 | L66: 2019 | M66: =IF(K66="","Missing","Observed") -> Observed | N66: =LN(C66) -> 6.2245584 | O66: =IF($H66=1,1,0) -> 1 | P66: =IF($H66=2,1,0) -> 0 | Q66: =IF($H66=3,1,0) -> 0 | R66: =IF($L66="","",$L66-2018) -> 1
A67: GUY | B67: Guyana | C67: 75 | D67: 2023 | E67: 49312.36 | F67: 2023 | G67: =LN(E67) -> 10.80593 | H67: 1 | I67: Electoral autocracy | J67: 2023 | K67: 29.87714 | L67: 2020 | M67: =IF(K67="","Missing","Observed") -> Observed | N67: =LN(C67) -> 4.3174881 | O67: =IF($H67=1,1,0) -> 1 | P67: =IF($H67=2,1,0) -> 0 | Q67: =IF($H67=3,1,0) -> 0 | R67: =IF($L67="","",$L67-2018) -> 2
A68: HTI | B68: Haiti | C68: 328 | D68: 2023 | E68: 2939.1238 | F68: 2023 | G68: =LN(E68) -> 7.9858668 | H68: 0 | I68: Closed autocracy | J68: 2023 | K68: 34.3 | L68: 2017 | M68: =IF(K68="","Missing","Observed") -> Observed | N68: =LN(C68) -> 5.7930136 | O68: =IF($H68=1,1,0) -> 0 | P68: =IF($H68=2,1,0) -> 0 | Q68: =IF($H68=3,1,0) -> 0 | R68: =IF($L68="","",$L68-2018) -> -1
A69: HND | B69: Honduras | C69: 47 | D69: 2023 | E69: 6467.88 | F69: 2023 | G69: =LN(E69) -> 8.7746037 | H69: 2 | I69: Electoral democracy | J69: 2023 | K69: 69.373681 | L69: 2019 | M69: =IF(K69="","Missing","Observed") -> Observed | N69: =LN(C69) -> 3.8501476 | O69: =IF($H69=1,1,0) -> 0 | P69: =IF($H69=2,1,0) -> 1 | Q69: =IF($H69=3,1,0) -> 0 | R69: =IF($L69="","",$L69-2018) -> 1
A70: HUN | B70: Hungary | C70: 12 | D70: 2023 | E70: 40333.255 | F70: 2023 | G70: =LN(E70) -> 10.604932 | H70: 1 | I70: Electoral autocracy | J70: 2023 | M70: =IF(K70="","Missing","Observed") -> Missing | N70: =LN(C70) -> 2.4849066 | O70: =IF($H70=1,1,0) -> 1 | P70: =IF($H70=2,1,0) -> 0 | Q70: =IF($H70=3,1,0) -> 0 | R70: =IF($L70="","",$L70-2018)
A71: ISL | B71: Iceland | C71: 3 | D71: 2023 | E71: 69268.122 | F71: 2023 | G71: =LN(E71) -> 11.14574 | H71: 3 | I71: Liberal democracy | J71: 2023 | M71: =IF(K71="","Missing","Observed") -> Missing | N71: =LN(C71) -> 1.0986123 | O71: =IF($H71=1,1,0) -> 0 | P71: =IF($H71=2,1,0) -> 0 | Q71: =IF($H71=3,1,0) -> 1 | R71: =IF($L71="","",$L71-2018)
A72: IND | B72: India | C72: 80 | D72: 2023 | E72: 8870.5503 | F72: 2023 | G72: =LN(E72) -> 9.0904921 | H72: 1 | I72: Electoral autocracy | J72: 2023 | K72: 66.7 | L72: 2021 | M72: =IF(K72="","Missing","Observed") -> Observed | N72: =LN(C72) -> 4.3820266 | O72: =IF($H72=1,1,0) -> 1 | P72: =IF($H72=2,1,0) -> 0 | Q72: =IF($H72=3,1,0) -> 0 | R72: =IF($L72="","",$L72-2018) -> 3
A73: IDN | B73: Indonesia | C73: 140 | D73: 2023 | E73: 13889.95 | F73: 2023 | G73: =LN(E73) -> 9.5389208 | H73: 2 | I73: Electoral democracy | J73: 2023 | K73: 52.6 | L73: 2023 | M73: =IF(K73="","Missing","Observed") -> Observed | N73: =LN(C73) -> 4.9416424 | O73: =IF($H73=1,1,0) -> 0 | P73: =IF($H73=2,1,0) -> 1 | Q73: =IF($H73=3,1,0) -> 0 | R73: =IF($L73="","",$L73-2018) -> 5
A74: IRN | B74: Iran, Islamic Rep. | C74: 16 | D74: 2023 | E74: 17044.817 | F74: 2023 | G74: =LN(E74) -> 9.7436015 | H74: 0 | I74: Closed autocracy | J74: 2023 | K74: 77.4 | L74: 2010 | M74: =IF(K74="","Missing","Observed") -> Observed | N74: =LN(C74) -> 2.7725887 | O74: =IF($H74=1,1,0) -> 0 | P74: =IF($H74=2,1,0) -> 0 | Q74: =IF($H74=3,1,0) -> 0 | R74: =IF($L74="","",$L74-2018) -> -8
A75: IRQ | B75: Iraq | C75: 66 | D75: 2023 | E75: 13202.323 | F75: 2023 | G75: =LN(E75) -> 9.4881481 | H75: 1 | I75: Electoral autocracy | J75: 2023 | K75: 52.788815 | L75: 2018 | M75: =IF(K75="","Missing","Observed") -> Observed | N75: =LN(C75) -> 4.1896547 | O75: =IF($H75=1,1,0) -> 1 | P75: =IF($H75=2,1,0) -> 0 | Q75: =IF($H75=3,1,0) -> 0 | R75: =IF($L75="","",$L75-2018) -> 0
A76: IRL | B76: Ireland | C76: 4 | D76: 2023 | E76: 117659.73 | F76: 2023 | G76: =LN(E76) -> 11.675552 | H76: 3 | I76: Liberal democracy | J76: 2023 | K76: 73.262662 | L76: 2010 | M76: =IF(K76="","Missing","Observed") -> Observed | N76: =LN(C76) -> 1.3862944 | O76: =IF($H76=1,1,0) -> 0 | P76: =IF($H76=2,1,0) -> 0 | Q76: =IF($H76=3,1,0) -> 1 | R76: =IF($L76="","",$L76-2018) -> -8
A77: ISR | B77: Israel | C77: 2 | D77: 2023 | E77: 47671.248 | F77: 2023 | G77: =LN(E77) -> 10.772084 | H77: 2 | I77: Electoral democracy | J77: 2023 | M77: =IF(K77="","Missing","Observed") -> Missing | N77: =LN(C77) -> 0.69314718 | O77: =IF($H77=1,1,0) -> 0 | P77: =IF($H77=2,1,0) -> 1 | Q77: =IF($H77=3,1,0) -> 0 | R77: =IF($L77="","",$L77-2018)
A78: ITA | B78: Italy | C78: 6 | D78: 2023 | E78: 52842.629 | F78: 2023 | G78: =LN(E78) -> 10.875074 | H78: 3 | I78: Liberal democracy | J78: 2023 | K78: 65.1 | L78: 2013 | M78: =IF(K78="","Missing","Observed") -> Observed | N78: =LN(C78) -> 1.7917595 | O78: =IF($H78=1,1,0) -> 0 | P78: =IF($H78=2,1,0) -> 0 | Q78: =IF($H78=3,1,0) -> 1 | R78: =IF($L78="","",$L78-2018) -> -5
A79: JAM | B79: Jamaica | C79: 130 | D79: 2023 | E79: 11398.812 | F79: 2023 | G79: =LN(E79) -> 9.3412644 | H79: 2 | I79: Electoral democracy | J79: 2023 | K79: 60.6 | L79: 2022 | M79: =IF(K79="","Missing","Observed") -> Observed | N79: =LN(C79) -> 4.8675345 | O79: =IF($H79=1,1,0) -> 0 | P79: =IF($H79=2,1,0) -> 1 | Q79: =IF($H79=3,1,0) -> 0 | R79: =IF($L79="","",$L79-2018) -> 4
A80: JPN | B80: Japan | C80: 3 | D80: 2023 | E80: 47387.217 | F80: 2023 | G80: =LN(E80) -> 10.766108 | H80: 3 | I80: Liberal democracy | J80: 2023 | K80: 58.338387 | L80: 2021 | M80: =IF(K80="","Missing","Observed") -> Observed | N80: =LN(C80) -> 1.0986123 | O80: =IF($H80=1,1,0) -> 0 | P80: =IF($H80=2,1,0) -> 0 | Q80: =IF($H80=3,1,0) -> 1 | R80: =IF($L80="","",$L80-2018) -> 3
A81: JOR | B81: Jordan | C81: 31 | D81: 2023 | E81: 10308.782 | F81: 2023 | G81: =LN(E81) -> 9.2407515 | H81: 0 | I81: Closed autocracy | J81: 2023 | K81: 60.1 | L81: 2023 | M81: =IF(K81="","Missing","Observed") -> Observed | N81: =LN(C81) -> 3.4339872 | O81: =IF($H81=1,1,0) -> 0 | P81: =IF($H81=2,1,0) -> 0 | Q81: =IF($H81=3,1,0) -> 0 | R81: =IF($L81="","",$L81-2018) -> 5
A82: KAZ | B82: Kazakhstan | C82: 10 | D82: 2023 | E82: 34703.235 | F82: 2023 | G82: =LN(E82) -> 10.454588 | H82: 1 | I82: Electoral autocracy | J82: 2023 | K82: 52.98 | L82: 2018 | M82: =IF(K82="","Missing","Observed") -> Observed | N82: =LN(C82) -> 2.3025851 | O82: =IF($H82=1,1,0) -> 1 | P82: =IF($H82=2,1,0) -> 0 | Q82: =IF($H82=3,1,0) -> 0 | R82: =IF($L82="","",$L82-2018) -> 0
A83: KEN | B83: Kenya | C83: 149 | D83: 2023 | E83: 5691.8251 | F83: 2023 | G83: =LN(E83) -> 8.6467862 | H83: 2 | I83: Electoral democracy | J83: 2023 | K83: 62.5 | L83: 2022 | M83: =IF(K83="","Missing","Observed") -> Observed | N83: =LN(C83) -> 5.0039463 | O83: =IF($H83=1,1,0) -> 0 | P83: =IF($H83=2,1,0) -> 1 | Q83: =IF($H83=3,1,0) -> 0 | R83: =IF($L83="","",$L83-2018) -> 4
A84: KOR | B84: Korea, Rep. | C84: 4 | D84: 2023 | E84: 54029.343 | F84: 2023 | G84: =LN(E84) -> 10.897283 | H84: 3 | I84: Liberal democracy | J84: 2023 | K84: 84.22 | L84: 2021 | M84: =IF(K84="","Missing","Observed") -> Observed | N84: =LN(C84) -> 1.3862944 | O84: =IF($H84=1,1,0) -> 0 | P84: =IF($H84=2,1,0) -> 0 | Q84: =IF($H84=3,1,0) -> 1 | R84: =IF($L84="","",$L84-2018) -> 3
A85: KWT | B85: Kuwait | C85: 8 | D85: 2023 | E85: 47790.193 | F85: 2023 | G85: =LN(E85) -> 10.774576 | H85: 1 | I85: Electoral autocracy | J85: 2023 | M85: =IF(K85="","Missing","Observed") -> Missing | N85: =LN(C85) -> 2.0794415 | O85: =IF($H85=1,1,0) -> 1 | P85: =IF($H85=2,1,0) -> 0 | Q85: =IF($H85=3,1,0) -> 0 | R85: =IF($L85="","",$L85-2018)
A86: KGZ | B86: Kyrgyz Republic | C86: 42 | D86: 2023 | E86: 6575.7754 | F86: 2023 | G86: =LN(E86) -> 8.7911478 | H86: 1 | I86: Electoral autocracy | J86: 2023 | K86: 39.376341 | L86: 2018 | M86: =IF(K86="","Missing","Observed") -> Observed | N86: =LN(C86) -> 3.7376696 | O86: =IF($H86=1,1,0) -> 1 | P86: =IF($H86=2,1,0) -> 0 | Q86: =IF($H86=3,1,0) -> 0 | R86: =IF($L86="","",$L86-2018) -> 0
A87: LAO | B87: Lao PDR | C87: 112 | D87: 2023 | E87: 8372.1559 | F87: 2023 | G87: =LN(E87) -> 9.0326667 | H87: 0 | I87: Closed autocracy | J87: 2023 | K87: 56.275799 | L87: 2017 | M87: =IF(K87="","Missing","Observed") -> Observed | N87: =LN(C87) -> 4.7184989 | O87: =IF($H87=1,1,0) -> 0 | P87: =IF($H87=2,1,0) -> 0 | Q87: =IF($H87=3,1,0) -> 0 | R87: =IF($L87="","",$L87-2018) -> -1
A88: LVA | B88: Latvia | C88: 19 | D88: 2023 | E88: 37277.722 | F88: 2023 | G88: =LN(E88) -> 10.526151 | H88: 3 | I88: Liberal democracy | J88: 2023 | M88: =IF(K88="","Missing","Observed") -> Missing | N88: =LN(C88) -> 2.944439 | O88: =IF($H88=1,1,0) -> 0 | P88: =IF($H88=2,1,0) -> 0 | Q88: =IF($H88=3,1,0) -> 1 | R88: =IF($L88="","",$L88-2018)
A89: LBN | B89: Lebanon | C89: 15 | D89: 2023 | E89: 11330.269 | F89: 2023 | G89: =LN(E89) -> 9.3352331 | H89: 1 | I89: Electoral autocracy | J89: 2023 | M89: =IF(K89="","Missing","Observed") -> Missing | N89: =LN(C89) -> 2.7080502 | O89: =IF($H89=1,1,0) -> 1 | P89: =IF($H89=2,1,0) -> 0 | Q89: =IF($H89=3,1,0) -> 0 | R89: =IF($L89="","",$L89-2018)
A90: LSO | B90: Lesotho | C90: 478 | D90: 2023 | E90: 2592.457 | F90: 2023 | G90: =LN(E90) -> 7.8603614 | H90: 2 | I90: Electoral democracy | J90: 2023 | K90: 64.930573 | L90: 2018 | M90: =IF(K90="","Missing","Observed") -> Observed | N90: =LN(C90) -> 6.1696107 | O90: =IF($H90=1,1,0) -> 0 | P90: =IF($H90=2,1,0) -> 1 | Q90: =IF($H90=3,1,0) -> 0 | R90: =IF($L90="","",$L90-2018) -> 0
A91: LBR | B91: Liberia | C91: 628 | D91: 2023 | E91: 1616.9237 | F91: 2023 | G91: =LN(E91) -> 7.3882807 | H91: 2 | I91: Electoral democracy | J91: 2023 | K91: 24.9 | L91: 2020 | M91: =IF(K91="","Missing","Observed") -> Observed | N91: =LN(C91) -> 6.4425402 | O91: =IF($H91=1,1,0) -> 0 | P91: =IF($H91=2,1,0) -> 1 | Q91: =IF($H91=3,1,0) -> 0 | R91: =IF($L91="","",$L91-2018) -> 2
A92: LBY | B92: Libya | C92: 59 | D92: 2023 | E92: 12476.597 | F92: 2023 | G92: =LN(E92) -> 9.43161 | H92: 0 | I92: Closed autocracy | J92: 2023 | K92: 27.7 | L92: 2014 | M92: =IF(K92="","Missing","Observed") -> Observed | N92: =LN(C92) -> 4.0775374 | O92: =IF($H92=1,1,0) -> 0 | P92: =IF($H92=2,1,0) -> 0 | Q92: =IF($H92=3,1,0) -> 0 | R92: =IF($L92="","",$L92-2018) -> -4
A93: LTU | B93: Lithuania | C93: 8 | D93: 2023 | E93: 46333.901 | F93: 2023 | G93: =LN(E93) -> 10.743629 | H93: 2 | I93: Electoral democracy | J93: 2023 | M93: =IF(K93="","Missing","Observed") -> Missing | N93: =LN(C93) -> 2.0794415 | O93: =IF($H93=1,1,0) -> 0 | P93: =IF($H93=2,1,0) -> 1 | Q93: =IF($H93=3,1,0) -> 0 | R93: =IF($L93="","",$L93-2018)
A94: LUX | B94: Luxembourg | C94: 11 | D94: 2023 | E94: 130048.92 | F94: 2023 | G94: =LN(E94) -> 11.775666 | H94: 3 | I94: Liberal democracy | J94: 2023 | M94: =IF(K94="","Missing","Observed") -> Missing | N94: =LN(C94) -> 2.3978953 | O94: =IF($H94=1,1,0) -> 0 | P94: =IF($H94=2,1,0) -> 0 | Q94: =IF($H94=3,1,0) -> 1 | R94: =IF($L94="","",$L94-2018)
A95: MDG | B95: Madagascar | C95: 445 | D95: 2023 | E95: 1629.6055 | F95: 2023 | G95: =LN(E95) -> 7.3960933 | H95: 1 | I95: Electoral autocracy | J95: 2023 | K95: 49.7 | L95: 2021 | M95: =IF(K95="","Missing","Observed") -> Observed | N95: =LN(C95) -> 6.0980743 | O95: =IF($H95=1,1,0) -> 1 | P95: =IF($H95=2,1,0) -> 0 | Q95: =IF($H95=3,1,0) -> 0 | R95: =IF($L95="","",$L95-2018) -> 3
A96: MWI | B96: Malawi | C96: 225 | D96: 2023 | E96: 1649.2987 | F96: 2023 | G96: =LN(E96) -> 7.4081055 | H96: 2 | I96: Electoral democracy | J96: 2023 | K96: 65.613123 | L96: 2020 | M96: =IF(K96="","Missing","Observed") -> Observed | N96: =LN(C96) -> 5.4161004 | O96: =IF($H96=1,1,0) -> 0 | P96: =IF($H96=2,1,0) -> 1 | Q96: =IF($H96=3,1,0) -> 0 | R96: =IF($L96="","",$L96-2018) -> 2
A97: MYS | B97: Malaysia | C97: 26 | D97: 2023 | E97: 32857.668 | F97: 2023 | G97: =LN(E97) -> 10.39994 | H97: 2 | I97: Electoral democracy | J97: 2023 | K97: 42.8 | L97: 2022 | M97: =IF(K97="","Missing","Observed") -> Observed | N97: =LN(C97) -> 3.2580965 | O97: =IF($H97=1,1,0) -> 0 | P97: =IF($H97=2,1,0) -> 1 | Q97: =IF($H97=3,1,0) -> 0 | R97: =IF($L97="","",$L97-2018) -> 4
A98: MDV | B98: Maldives | C98: 32 | D98: 2023 | E98: 22333.048 | F98: 2023 | G98: =LN(E98) -> 10.013823 | H98: 2 | I98: Electoral democracy | J98: 2023 | K98: 18.8 | L98: 2017 | M98: =IF(K98="","Missing","Observed") -> Observed | N98: =LN(C98) -> 3.4657359 | O98: =IF($H98=1,1,0) -> 0 | P98: =IF($H98=2,1,0) -> 1 | Q98: =IF($H98=3,1,0) -> 0 | R98: =IF($L98="","",$L98-2018) -> -1
A99: MLI | B99: Mali | C99: 367 | D99: 2023 | E99: 2861.4806 | F99: 2023 | G99: =LN(E99) -> 7.9590945 | H99: 0 | I99: Closed autocracy | J99: 2023 | K99: 17.2 | L99: 2018 | M99: =IF(K99="","Missing","Observed") -> Observed | N99: =LN(C99) -> 5.9053618 | O99: =IF($H99=1,1,0) -> 0 | P99: =IF($H99=2,1,0) -> 0 | Q99: =IF($H99=3,1,0) -> 0 | R99: =IF($L99="","",$L99-2018) -> 0
A100: MLT | B100: Malta | C100: 8 | D100: 2023 | E100: 60459.766 | F100: 2023 | G100: =LN(E100) -> 11.009733 | H100: 2 | I100: Electoral democracy | J100: 2023 | M100: =IF(K100="","Missing","Observed") -> Missing | N100: =LN(C100) -> 2.0794415 | O100: =IF($H100=1,1,0) -> 0 | P100: =IF($H100=2,1,0) -> 1 | Q100: =IF($H100=3,1,0) -> 0 | R100: =IF($L100="","",$L100-2018)
A101: MRT | B101: Mauritania | C101: 381 | D101: 2023 | E101: 6276.4752 | F101: 2023 | G101: =LN(E101) -> 8.7445638 | H101: 1 | I101: Electoral autocracy | J101: 2023 | K101: 14.3 | L101: 2021 | M101: =IF(K101="","Missing","Observed") -> Observed | N101: =LN(C101) -> 5.9427994 | O101: =IF($H101=1,1,0) -> 1 | P101: =IF($H101=2,1,0) -> 0 | Q101: =IF($H101=3,1,0) -> 0 | R101: =IF($L101="","",$L101-2018) -> 3
A102: MUS | B102: Mauritius | C102: 66 | D102: 2023 | E102: 26471.035 | F102: 2023 | G102: =LN(E102) -> 10.183806 | H102: 1 | I102: Electoral autocracy | J102: 2023 | K102: 63.8 | L102: 2014 | M102: =IF(K102="","Missing","Observed") -> Observed | N102: =LN(C102) -> 4.1896547 | O102: =IF($H102=1,1,0) -> 1 | P102: =IF($H102=2,1,0) -> 0 | Q102: =IF($H102=3,1,0) -> 0 | R102: =IF($L102="","",$L102-2018) -> -4
A103: MEX | B103: Mexico | C103: 42 | D103: 2023 | E103: 21864.924 | F103: 2023 | G103: =LN(E103) -> 9.992639 | H103: 2 | I103: Electoral democracy | J103: 2023 | K103: 71.848251 | L103: 2023 | M103: =IF(K103="","Missing","Observed") -> Observed | N103: =LN(C103) -> 3.7376696 | O103: =IF($H103=1,1,0) -> 0 | P103: =IF($H103=2,1,0) -> 1 | Q103: =IF($H103=3,1,0) -> 0 | R103: =IF($L103="","",$L103-2018) -> 5
A104: MDA | B104: Moldova | C104: 19 | D104: 2023 | E104: 15980.567 | F104: 2023 | G104: =LN(E104) -> 9.6791287 | H104: 2 | I104: Electoral democracy | J104: 2023 | K104: 56 | L104: 2020 | M104: =IF(K104="","Missing","Observed") -> Observed | N104: =LN(C104) -> 2.944439 | O104: =IF($H104=1,1,0) -> 0 | P104: =IF($H104=2,1,0) -> 1 | Q104: =IF($H104=3,1,0) -> 0 | R104: =IF($L104="","",$L104-2018) -> 2
A105: MNG | B105: Mongolia | C105: 41 | D105: 2023 | E105: 16222.864 | F105: 2023 | G105: =LN(E105) -> 9.6941769 | H105: 2 | I105: Electoral democracy | J105: 2023 | K105: 48.134881 | L105: 2018 | M105: =IF(K105="","Missing","Observed") -> Observed | N105: =LN(C105) -> 3.7135721 | O105: =IF($H105=1,1,0) -> 0 | P105: =IF($H105=2,1,0) -> 1 | Q105: =IF($H105=3,1,0) -> 0 | R105: =IF($L105="","",$L105-2018) -> 0
...

Sheet 描述统计
A1: 描述统计
A2: 所有指标直接引用“跨国底稿”；四分位数采用QUARTILE.INC，SD为样本标准差。
A4: 变量 | B4: n | C4: 均值 | D4: SD | E4: 中位数 | F4: IQR | G4: 最小值 | H4: 最大值 | I4: 数据列
A5: MMR per 100,000 live births | B5: =COUNT(跨国底稿!$C$5:$C$171) -> 167 | C5: =AVERAGE(跨国底稿!$C$5:$C$171) -> 116.94012 | D5: =stdev.s(跨国底稿!$C$5:$C$171) -> #NAME? | E5: =MEDIAN(跨国底稿!$C$5:$C$171) -> 41 | F5: =quartile.inc(跨国底稿!$C$5:$C$171,3)-quartile.inc(跨国底稿!$C$5:$C$171,1) -> #NAME? | G5: =MIN(跨国底稿!$C$5:$C$171) -> 1 | H5: =MAX(跨国底稿!$C$5:$C$171) -> 993 | I5: mmr
A6: log(MMR) | B6: =COUNT(跨国底稿!$N$5:$N$171) -> 167 | C6: =AVERAGE(跨国底稿!$N$5:$N$171) -> 3.6370804 | D6: =stdev.s(跨国底稿!$N$5:$N$171) -> #NAME? | E6: =MEDIAN(跨国底稿!$N$5:$N$171) -> 3.7135721 | F6: =quartile.inc(跨国底稿!$N$5:$N$171,3)-quartile.inc(跨国底稿!$N$5:$N$171,1) -> #NAME? | G6: =MIN(跨国底稿!$N$5:$N$171) -> 0 | H6: =MAX(跨国底稿!$N$5:$N$171) -> 6.9007307 | I6: log_mmr
A7: GDP per capita, PPP, constant 2021 intl $ | B7: =COUNT(跨国底稿!$E$5:$E$171) -> 167 | C7: =AVERAGE(跨国底稿!$E$5:$E$171) -> 25423.047 | D7: =stdev.s(跨国底稿!$E$5:$E$171) -> #NAME? | E7: =MEDIAN(跨国底稿!$E$5:$E$171) -> 15916.958 | F7: =quartile.inc(跨国底稿!$E$5:$E$171,3)-quartile.inc(跨国底稿!$E$5:$E$171,1) -> #NAME? | G7: =MIN(跨国底稿!$E$5:$E$171) -> 1033.0094 | H7: =MAX(跨国底稿!$E$5:$E$171) -> 130296.84 | I7: gdp_ppp_constant_2021
A8: log(GDP per capita) | B8: =COUNT(跨国底稿!$G$5:$G$171) -> 167 | C8: =AVERAGE(跨国底稿!$G$5:$G$171) -> 9.5713219 | D8: =stdev.s(跨国底稿!$G$5:$G$171) -> #NAME? | E8: =MEDIAN(跨国底稿!$G$5:$G$171) -> 9.6751404 | F8: =quartile.inc(跨国底稿!$G$5:$G$171,3)-quartile.inc(跨国底稿!$G$5:$G$171,1) -> #NAME? | G8: =MIN(跨国底稿!$G$5:$G$171) -> 6.9402315 | H8: =MAX(跨国底稿!$G$5:$G$171) -> 11.777571 | I8: log_gdp
A9: Political regime code (0-3) | B9: =COUNT(跨国底稿!$H$5:$H$171) -> 166 | C9: =AVERAGE(跨国底稿!$H$5:$H$171) -> 1.5662651 | D9: =stdev.s(跨国底稿!$H$5:$H$171) -> #NAME? | E9: =MEDIAN(跨国底稿!$H$5:$H$171) -> 2 | F9: =quartile.inc(跨国底稿!$H$5:$H$171,3)-quartile.inc(跨国底稿!$H$5:$H$171,1) -> #NAME? | G9: =MIN(跨国底稿!$H$5:$H$171) -> 0 | H9: =MAX(跨国底稿!$H$5:$H$171) -> 3 | I9: regime_code
A10: Contraceptive prevalence, any method (%) | B10: =COUNT(跨国底稿!$K$5:$K$171) -> 139 | C10: =AVERAGE(跨国底稿!$K$5:$K$171) -> 49.895563 | D10: =stdev.s(跨国底稿!$K$5:$K$171) -> #NAME? | E10: =MEDIAN(跨国底稿!$K$5:$K$171) -> 54.6 | F10: =quartile.inc(跨国底稿!$K$5:$K$171,3)-quartile.inc(跨国底稿!$K$5:$K$171,1) -> #NAME? | G10: =MIN(跨国底稿!$K$5:$K$171) -> 6.9 | H10: =MAX(跨国底稿!$K$5:$K$171) -> 85.47486 | I10: cpr
A11: CPR observation year | B11: =COUNT(跨国底稿!$L$5:$L$171) -> 139 | C11: =AVERAGE(跨国底稿!$L$5:$L$171) -> 2017.741 | D11: =stdev.s(跨国底稿!$L$5:$L$171) -> #NAME? | E11: =MEDIAN(跨国底稿!$L$5:$L$171) -> 2018 | F11: =quartile.inc(跨国底稿!$L$5:$L$171,3)-quartile.inc(跨国底稿!$L$5:$L$171,1) -> #NAME? | G11: =MIN(跨国底稿!$L$5:$L$171) -> 2010 | H11: =MAX(跨国底稿!$L$5:$L$171) -> 2023 | I11: cpr_year

Sheet 缺失分析
A1: CPR缺失分析
A2: 按政治体制类别统计；PSE因统一政治体制缺失，不纳入分组率。自由民主组缺失集中是主要选择偏倚风险。
A4: 政治体制代码 | B4: 政治体制类别 | C4: 总数 | D4: CPR观测数 | E4: CPR缺失数 | F4: 缺失率
A5: 0 | B5: Closed autocracy | C5: =COUNTIF(跨国底稿!$H$5:$H$171,A5) -> 27 | D5: =COUNTIFS(跨国底稿!$H$5:$H$171,A5,跨国底稿!$M$5:$M$171,"Observed") -> 24 | E5: =COUNTIFS(跨国底稿!$H$5:$H$171,A5,跨国底稿!$M$5:$M$171,"Missing") -> 3 | F5: =IFERROR(E5/C5,"") -> 0.11111111
A6: 1 | B6: Electoral autocracy | C6: =COUNTIF(跨国底稿!$H$5:$H$171,A6) -> 51 | D6: =COUNTIFS(跨国底稿!$H$5:$H$171,A6,跨国底稿!$M$5:$M$171,"Observed") -> 47 | E6: =COUNTIFS(跨国底稿!$H$5:$H$171,A6,跨国底稿!$M$5:$M$171,"Missing") -> 4 | F6: =IFERROR(E6/C6,"") -> 0.078431373
A7: 2 | B7: Electoral democracy | C7: =COUNTIF(跨国底稿!$H$5:$H$171,A7) -> 55 | D7: =COUNTIFS(跨国底稿!$H$5:$H$171,A7,跨国底稿!$M$5:$M$171,"Observed") -> 45 | E7: =COUNTIFS(跨国底稿!$H$5:$H$171,A7,跨国底稿!$M$5:$M$171,"Missing") -> 10 | F7: =IFERROR(E7/C7,"") -> 0.18181818
A8: 3 | B8: Liberal democracy | C8: =COUNTIF(跨国底稿!$H$5:$H$171,A8) -> 33 | D8: =COUNTIFS(跨国底稿!$H$5:$H$171,A8,跨国底稿!$M$5:$M$171,"Observed") -> 22 | E8: =COUNTIFS(跨国底稿!$H$5:$H$171,A8,跨国底稿!$M$5:$M$171,"Missing") -> 11 | F8: =IFERROR(E8/C8,"") -> 0.33333333
A11: CPR缺失国家清单
A12: ISO3 | B12: 国家 | C12: 政治体制代码 | D12: 政治体制类别 | E12: 风险说明
A13: BHR | B13: Bahrain | C13: 0 | D13: Closed autocracy | E13: 缺失可能非随机
A14: BGR | B14: Bulgaria | C14: 2 | D14: Electoral democracy | E14: 缺失可能非随机
A15: CAN | B15: Canada | C15: 2 | D15: Electoral democracy | E15: 缺失可能非随机
A16: HRV | B16: Croatia | C16: 2 | D16: Electoral democracy | E16: 缺失可能非随机
A17: CYP | B17: Cyprus | C17: 3 | D17: Liberal democracy | E17: 自由民主组集中缺失；可能影响CPR推断
A18: CZE | B18: Czechia | C18: 3 | D18: Liberal democracy | E18: 自由民主组集中缺失；可能影响CPR推断
A19: DNK | B19: Denmark | C19: 3 | D19: Liberal democracy | E19: 自由民主组集中缺失；可能影响CPR推断
A20: GRC | B20: Greece | C20: 2 | D20: Electoral democracy | E20: 缺失可能非随机
A21: HUN | B21: Hungary | C21: 1 | D21: Electoral autocracy | E21: 缺失可能非随机
A22: ISL | B22: Iceland | C22: 3 | D22: Liberal democracy | E22: 自由民主组集中缺失；可能影响CPR推断
A23: ISR | B23: Israel | C23: 2 | D23: Electoral democracy | E23: 缺失可能非随机
A24: KWT | B24: Kuwait | C24: 1 | D24: Electoral autocracy | E24: 缺失可能非随机
... A40: URY | B40: Uruguay | C40: 3 | D40: Liberal democracy | E40: 自由民主组集中缺失；可能影响CPR推断

Sheet 相关系数
A1: 双变量相关系数
A2: Pearson r；每一行都显示自己的有效样本量，不将MMR与CPR统一标为n=167。
A4: 变量X | B4: 变量Y | C4: n | D4: Pearson r | E4: 解释
A5: 政治体制代码 | B5: log(MMR) | C5: 166 | D5: =CORREL(跨国底稿!$H$5:$H$171,跨国底稿!$N$5:$N$171) -> -0.44139698 | E5: 双变量梯度；不作因果解释
A6: 政治体制代码 | B6: MMR | C6: 166 | D6: =CORREL(跨国底稿!$H$5:$H$171,跨国底稿!$C$5:$C$171) -> -0.36795918 | E6: 双变量梯度；不作因果解释
A7: 政治体制代码 | B7: CPR | C7: 138 | D7: =CORREL(跨国底稿!$H$5:$H$171,跨国底稿!$K$5:$K$171) -> 0.44571859 | E7: 双变量正向梯度；CPR缺失需注意
A8: logGDP | B8: log(MMR) | C8: 167 | D8: =CORREL(跨国底稿!$G$5:$G$171,跨国底稿!$N$5:$N$171) -> -0.84973307 | E8: 背景相关
A9: logGDP | B9: MMR | C9: 167 | D9: =CORREL(跨国底稿!$G$5:$G$171,跨国底稿!$C$5:$C$171) -> -0.71599115 | E9: 背景相关
A10: logGDP | B10: CPR | C10: 139 | D10: =CORREL(跨国底稿!$G$5:$G$171,跨国底稿!$K$5:$K$171) -> 0.57520484 | E10: 背景相关
A11: 政治体制代码 | B11: logGDP | C11: 166 | D11: =CORREL(跨国底稿!$H$5:$H$171,跨国底稿!$G$5:$G$171) -> 0.4886845 | E11: 收入可能混杂体制与健康关联

Sheet 模型结果
A1: 主要模型结果
A2: HC3为主要推断；经典OLS并列。β是政治体制每提高一个类别的变化，前提是0–3等距趋势成立。
A4: 模型 | B4: 政治体制项 | C4: n | D4: df | E4: β | F4: 经典SE | G4: 经典p | H4: HC3 SE | I4: HC3 p | J4: HC3 95%CI下限 | K4: HC3 95%CI上限 | L4: R² | M4: 调整R²
A5: M1 Primary: log(MMR), ordinal regime | B5: regime_code | C5: 166 | D5: 163 | E5: -0.053071686 | F5: 0.07920164 | G5: 0.50375297 | H5: 0.075181127 | I5: 0.48124704 | J5: -0.20152619 | K5: 0.095382819 | L5: 0.73116932 | M5: 0.72787079
A6: M3 Primary: CPR 2010-2023 latest | B6: regime_code | C6: 138 | D6: 135 | E6: 4.8272991 | F6: 1.6771452 | G6: 0.0046502135 | H6: 1.9817133 | I6: 0.016157782 | J6: 0.90808006 | K6: 8.7465182 | L6: 0.37260227 | M6: 0.36330749
A8: 完整参数表（包括截距和logGDP）
A9: 模型 | B9: 模型项 | C9: n | D9: df | E9: β | F9: 经典SE | G9: 经典p | H9: HC3 SE | I9: HC3 p | J9: HC3 95%CI下限 | K9: HC3 95%CI上限 | L9: R² | M9: 调整R²
A10: M1 Primary: log(MMR), ordinal regime | B10: Intercept | C10: 166 | D10: 163 | E10: 15.25002 | F10: 0.59240811 | G10: 2.6046446e-59 | H10: 0.52858716 | I10: 6.1894305e-66 | J10: 14.206259 | K10: 16.293781 | L10: 0.73116932 | M10: 0.72787079
A11: M1 Primary: log(MMR), ordinal regime | B11: regime_code | C11: 166 | D11: 163 | E11: -0.053071686 | F11: 0.07920164 | G11: 0.50375297 | H11: 0.075181127 | I11: 0.48124704 | J11: -0.20152619 | K11: 0.095382819 | L11: 0.73116932 | M11: 0.72787079
A12: M1 Primary: log(MMR), ordinal regime | B12: log_gdp | C12: 166 | D12: 163 | E12: -1.2033593 | F12: 0.066730076 | G12: 1.1345863e-40 | H12: 0.06114315 | I12: 6.3394791e-45 | J12: -1.324094 | K12: -1.0826245 | L12: 0.73116932 | M12: 0.72787079
A13: M3 Primary: CPR 2010-2023 latest | B13: Intercept | C13: 138 | D13: 135 | E13: -39.68471 | F13: 12.579757 | G13: 0.0019812816 | H13: 12.833748 | I13: 0.0024143392 | J13: -65.065914 | K13: -14.303507 | L13: 0.37260227 | M13: 0.36330749
A14: M3 Primary: CPR 2010-2023 latest | B14: regime_code | C14: 138 | D14: 135 | E14: 4.8272991 | F14: 1.6771452 | G14: 0.0046502135 | H14: 1.9817133 | I14: 0.016157782 | J14: 0.90808006 | K14: 8.7465182 | L14: 0.37260227 | M14: 0.36330749
A15: M3 Primary: CPR 2010-2023 latest | B15: log_gdp | C15: 138 | D15: 135 | E15: 8.8202767 | F15: 1.441752 | G15: 9.6295034e-09 | H15: 1.5844364 | I15: 1.3477843e-07 | J15: 5.686749 | K15: 11.953804 | L15: 0.37260227 | M15: 0.36330749

Sheet 稳健性分析
A1: 稳健性分析
A2: 本表报告全部设定的敏感性规格，用于比较估计方向、大小和不确定性。
A4: 模型 | B4: 政治体制项 | C4: n | D4: df | E4: β | F4: 经典SE | G4: 经典p | H4: HC3 SE | I4: HC3 p | J4: HC3 95%CI下限 | K4: HC3 95%CI上限 | L4: R² | M4: 调整R²
A5: M2 Sensitivity: raw MMR, ordinal regime | B5: regime_code | C5: 166 | D5: 163 | E5: -3.4873778 | F5: 10.618782 | G5: 0.74301867 | H5: 9.2454878 | I5: 0.70651724 | J5: -21.743746 | K5: 14.76899 | L5: 0.52037972 | M5: 0.51449481
A6: M3 Primary: CPR 2010-2023 latest | B6: regime_code | C6: 138 | D6: 135 | E6: 4.8272991 | F6: 1.6771452 | G6: 0.0046502135 | H6: 1.9817133 | I6: 0.016157782 | J6: 0.90808006 | K6: 8.7465182 | L6: 0.37260227 | M6: 0.36330749
A7: M4 CPR + observation year | B7: regime_code | C7: 138 | D7: 134 | E7: 4.8004654 | F7: 1.6867621 | G7: 0.0051243514 | H7: 2.0299201 | I7: 0.019471732 | J7: 0.78563721 | K7: 8.8152936 | L7: 0.37287036 | M7: 0.35883014
A8: M5 CPR restricted to 2015-2023 | B8: regime_code | C8: 109 | D8: 106 | E8: 3.2652646 | F8: 2.0152672 | G8: 0.10814689 | H8: 2.3616113 | I8: 0.16968048 | J8: -1.4168596 | K8: 7.9473888 | L8: 0.34203998 | M8: 0.32962564
A9: M6 log(MMR), regime categorical | B9: regime_1 | C9: 166 | D9: 161 | E9: 0.10256134 | F9: 0.20953179 | G9: 0.62516909 | H9: 0.21353557 | I9: 0.63166535 | J9: -0.31913043 | K9: 0.52425311 | L9: 0.73224448 | M9: 0.72559217
A10: M6 log(MMR), regime categorical | B10: regime_2 | C10: 166 | D10: 161 | E10: -0.045545154 | F10: 0.20917578 | G10: 0.82791031 | H10: 0.20352328 | I10: 0.82320948 | J10: -0.44746458 | K10: 0.35637427 | L10: 0.73224448 | M10: 0.72559217
A11: M6 log(MMR), regime categorical | B11: regime_3 | C11: 166 | D11: 161 | E11: -0.11901416 | F11: 0.25724684 | G11: 0.64424297 | H11: 0.24085434 | I11: 0.62188551 | J11: -0.59465527 | K11: 0.35662695 | L11: 0.73224448 | M11: 0.72559217
A12: M7 CPR, regime categorical | B12: regime_1 | C12: 138 | D12: 133 | E12: 3.3902429 | F12: 4.1949208 | G12: 0.42043128 | H12: 4.9425136 | I12: 0.4939481 | J12: -6.3858576 | K12: 13.166343 | L12: 0.37574634 | M12: 0.35697179
A13: M7 CPR, regime categorical | B13: regime_2 | C13: 138 | D13: 133 | E13: 10.613061 | F13: 4.2546074 | G13: 0.013839066 | H13: 5.1246886 | I13: 0.040295335 | J13: 0.47662545 | K13: 20.749497 | L13: 0.37574634 | M13: 0.35697179
A14: M7 CPR, regime categorical | B14: regime_3 | C14: 138 | D14: 133 | E14: 12.477392 | F14: 5.6393267 | G14: 0.028633295 | H14: 6.3825122 | I14: 0.052688121 | J14: -0.14696996 | K14: 25.101754 | L14: 0.37574634 | M14: 0.35697179

Sheet 模型输出与HC3结果
A1: OLS与HC3完整计算记录
A2: 根据逐国底稿在外部统计程序中计算；p 值与 95% 置信区间均使用有限自由度 t 分布。下方给出计算公式与完整输出。
A4: 模型 | B4: 因变量 | C4: 预测变量 | D4: 项 | E4: n | F4: k | G4: df | H4: β | I4: 经典SE | J4: 经典t | K4: 经典p | L4: 经典CI下 | M4: 经典CI上 | N4: HC3 SE | O4: HC3 t | P4: HC3 p | Q4: HC3 CI下 | R4: HC3 CI上 | S4: R² | T4: 调整R²
A5: M1 Primary: log(MMR), ordinal regime | B5: log_mmr | C5: regime_code + log_gdp | D5: Intercept | E5: 166 | F5: 3 | G5: 163 | H5: 15.25002 | I5: 0.59240811 | J5: 25.742423 | K5: 2.6046446e-59 | L5: 14.080236 | M5: 16.419804 | N5: 0.52858716 | O5: 28.850531 | P5: 6.1894305e-66 | Q5: 14.206259 | R5: 16.293781 | S5: 0.73116932 | T5: 0.72787079
A6: M1 Primary: log(MMR), ordinal regime | B6: log_mmr | C6: regime_code + log_gdp | D6: regime_code | E6: 166 | F6: 3 | G6: 163 | H6: -0.053071686 | I6: 0.07920164 | J6: -0.67008317 | K6: 0.50375297 | L6: -0.2094652 | M6: 0.10332182 | N6: 0.075181127 | O6: -0.70591767 | P6: 0.48124704 | Q6: -0.20152619 | R6: 0.095382819 | S6: 0.73116932 | T6: 0.72787079
A7: M1 Primary: log(MMR), ordinal regime | B7: log_mmr | C7: regime_code + log_gdp | D7: log_gdp | E7: 166 | F7: 3 | G7: 163 | H7: -1.2033593 | I7: 0.066730076 | J7: -18.033237 | K7: 1.1345863e-40 | L7: -1.3351261 | M7: -1.0715924 | N7: 0.06114315 | O7: -19.681015 | P7: 6.3394791e-45 | Q7: -1.324094 | R7: -1.0826245 | S7: 0.73116932 | T7: 0.72787079
A8: M2 Sensitivity: raw MMR, ordinal regime | B8: mmr | C8: regime_code + log_gdp | D8: Intercept | E8: 166 | F8: 3 | G8: 163 | H8: 1103.0877 | I8: 79.425786 | J8: 13.888282 | K8: 1.9391064e-29 | L8: 946.25161 | M8: 1259.9238 | N8: 98.594433 | O8: 11.188134 | P8: 6.3719034e-22 | Q8: 908.40073 | R8: 1297.7747 | S8: 0.52037972 | T8: 0.51449481
A9: M2 Sensitivity: raw MMR, ordinal regime | B9: mmr | C9: regime_code + log_gdp | D9: regime_code | E9: 166 | F9: 3 | G9: 163 | H9: -3.4873778 | I9: 10.618782 | J9: -0.32841599 | K9: 0.74301867 | L9: -24.455486 | M9: 17.480731 | N9: 9.2454878 | O9: -0.37719781 | P9: 0.70651724 | Q9: -21.743746 | R9: 14.76899 | S9: 0.52037972 | T9: 0.51449481
A10: M2 Sensitivity: raw MMR, ordinal regime | B10: mmr | C10: regime_code + log_gdp | D10: log_gdp | E10: 166 | F10: 3 | G10: 163 | H10: -102.33625 | I10: 8.946685 | J10: -11.438455 | K10: 1.2885676e-22 | L10: -120.0026 | M10: -84.66991 | N10: 10.15821 | O10: -10.074241 | P10: 7.3440321e-19 | Q10: -122.39491 | R10: -82.277602 | S10: 0.52037972 | T10: 0.51449481
A11: M3 Primary: CPR 2010-2023 latest | B11: cpr | C11: regime_code + log_gdp | D11: Intercept | E11: 138 | F11: 3 | G11: 135 | H11: -39.68471 | I11: 12.579757 | J11: -3.1546485 | K11: 0.0019812816 | L11: -64.563598 | M11: -14.805823 | N11: 12.833748 | O11: -3.0922153 | P11: 0.0024143392 | Q11: -65.065914 | R11: -14.303507 | S11: 0.37260227 | T11: 0.36330749
A12: M3 Primary: CPR 2010-2023 latest | B12: cpr | C12: regime_code + log_gdp | D12: regime_code | E12: 138 | F12: 3 | G12: 135 | H12: 4.8272991 | I12: 1.6771452 | J12: 2.8782833 | K12: 0.0046502135 | L12: 1.5104219 | M12: 8.1441763 | N12: 1.9817133 | O12: 2.4359221 | P12: 0.016157782 | Q12: 0.90808006 | R12: 8.7465182 | S12: 0.37260227 | T12: 0.36330749
A13: M3 Primary: CPR 2010-2023 latest | B13: cpr | C13: regime_code + log_gdp | D13: log_gdp | E13: 138 | F13: 3 | G13: 135 | H13: 8.8202767 | I13: 1.441752 | J13: 6.1177491 | K13: 9.6295034e-09 | L13: 5.968935 | M13: 11.671618 | N13: 1.5844364 | O13: 5.5668227 | P13: 1.3477843e-07 | Q13: 5.686749 | R13: 11.953804 | S13: 0.37260227 | T13: 0.36330749
A14: M4 CPR + observation year | B14: cpr | C14: regime_code + log_gdp + cpr_year_centered_2018 | D14: Intercept | E14: 138 | F14: 4 | G14: 134 | H14: -38.760326 | I14: 13.201521 | J14: -2.9360501 | K14: 0.0039135381 | L14: -64.870634 | M14: -12.650018 | N14: 13.51527 | O14: -2.8678913 | P14: 0.0048016233 | Q14: -65.491176 | R14: -12.029476 | S14: 0.37287036 | T14: 0.35883014
A15: M4 CPR + observation year | B15: cpr | C15: regime_code + log_gdp + cpr_year_centered_2018 | D15: regime_code | E15: 138 | F15: 4 | G15: 134 | H15: 4.8004654 | I15: 1.6867621 | J15: 2.8459647 | K15: 0.0051243514 | L15: 1.4643438 | M15: 8.136587 | N15: 2.0299201 | O15: 2.3648544 | P15: 0.019471732 | Q15: 0.78563721 | R15: 8.8152936 | S15: 0.37287036 | T15: 0.35883014
A16: M4 CPR + observation year | B16: cpr | C16: regime_code + log_gdp + cpr_year_centered_2018 | D16: log_gdp | E16: 138 | F16: 4 | G16: 134 | H16: 8.7225903 | I16: 1.5032813 | J16: 5.8023674 | K16: 4.4899856e-08 | L16: 5.7493619 | M16: 11.695819 | N16: 1.6313494 | O16: 5.3468561 | P16: 3.7505101e-07 | Q16: 5.4960656 | R16: 11.949115 | S16: 0.37287036 | T16: 0.35883014
... A30: M7 CPR, regime categorical | B30: cpr | C30: regime_1 + regime_2 + regime_3 + log_gdp | D30: log_gdp | E30: 138 | F30: 5 | G30: 133 | H30: 9.0047824 | I30: 1.5595805 | J30: 5.773849 | K30: 5.2063253e-08 | L30: 5.9199926 | M30: 12.089572 | N30: 1.6966468 | O30: 5.3073996 | P30: 4.5279221e-07 | Q30: 5.6488808 | R30: 12.360684 | S30: 0.37574634 | T30: 0.35697179
A33: HC3: (X'X)^−1 X' diag[eᵢ²/(1−hᵢᵢ)²] X (X'X)^−1. Two-sided p = 2·Pr(Tdf ≥ |t|), df = n−k. 95% CI = β ± t0.975,df·SEHC3.

Sheet 隐私证据矩阵
A1: FemTech隐私证据矩阵
A2: 不同样本、方法和终点不合并为单一比例；每条记录保留各自的分子、分母与终点。
A4: 来源/案例 | B4: 研究对象 | C4: 平台 | D4: 地区 | E4: 样本量 | F4: 分子 | G4: 分母 | H4: 实际终点 | I4: 研究方法 | J4: 证据类型 | K4: 可比性限制 | L4: 原始链接 | M4: 后续整改/状态
A5: Mozilla *Privacy Not Included* review | B5: 20 period/pregnancy apps and 5 wearable devices | C5: Mobile apps and connected wearables | D5: Products available to US consumers | E5: 25 | F5: 18 | G5: 25 | H5: Products assigned Mozilla's *Privacy Not Included* warning | I5: Desk-based product privacy/security review against Mozilla criteria | J5: Independent civil-society review | K5: Includes 5 devices; warning criteria are not equivalent to observed third-party transmission. | L5: https://www.mozillafoundation.org/en/blog/in-post-roe-v-wade-era-mozilla-labels-18-of-25-popular-period-and-pregnancy-tracking-tech-with-privacy-not-included-warning/ | M5: Product-level practices may have changed after 2022; the cited page is a contemporaneous review.
A6: Grundy et al., BMJ (2019) | B6: 24 medicines-related Android apps | C6: Android | D6: Apps available in four countries | E6: 24 | F6: 19 | G6: 24 | H6: Apps sharing user data outside the app ecosystem | I6: Traffic analysis plus network mapping of data recipients | J6: Peer-reviewed empirical study | K6: Not a reproductive-health-app sample; endpoint differs from Mozilla's warning label. | L6: https://www.bmj.com/content/364/bmj.l920 | M6: No product-level remediation assessment in this workpaper.
A7: FTC final order: Flo Health (2021) | B7: Flo period and ovulation tracking app | C7: Mobile app | D7: United States enforcement | H7: Alleged disclosure of sensitive health data to analytics/marketing firms contrary to privacy promises | I7: Regulatory investigation and consent order | J7: Individual enforcement case | K7: A case, not a prevalence estimate; cannot be pooled with audit proportions. | L7: https://www.ftc.gov/news-events/news/press-releases/2021/06/ftc-finalizes-order-flo-health-fertility-tracking-app-shared-sensitive-health-data-facebook-google | M7: Flo states that an independent privacy review required by the order was completed in March 2022.
A8: FTC proposed order: Premom/Easy Healthcare (2023) | B8: Premom ovulation tracking app | C8: Mobile app | D8: United States enforcement | H8: Alleged sharing of sensitive health data; proposed order and US$100,000 civil penalty | I8: Regulatory investigation and proposed consent order | J8: Individual enforcement case | K8: A case, not a prevalence estimate; cannot be pooled with audit proportions. | L8: https://www.ftc.gov/news-events/news/press-releases/2023/05/ovulation-tracking-app-premom-will-be-barred-sharing-health-data-advertising-under-proposed-ftc | M8: The workpaper does not independently verify later compliance.

Sheet 一致性检查
A1: 工作簿一致性检查
A2: 关键样本量、编码、缺失和公式错误检查；PASS表示当前工作簿内部一致。
A4: 检查项目 | B4: 状态 | C4: 含义
A5: 逐国底稿行数=167 | B5: =IF(COUNTA(跨国底稿!$A$5:$A$171)=167,"PASS","FAIL") -> PASS | C5: 维持167国分析总体
A6: MMR有效n=167 | B6: =IF(COUNT(跨国底稿!$C$5:$C$171)=167,"PASS","FAIL") -> PASS | C6: MMR数值完整
A7: 政治体制有效n=166 | B7: =IF(COUNT(跨国底稿!$H$5:$H$171)=166,"PASS","FAIL") -> PASS | C7: PSE统一值缺失
A8: 政治体制无范围外值 | B8: =IF(COUNTIF(跨国底稿!$H$5:$H$171,"<0")+COUNTIF(跨国底稿!$H$5:$H$171,">3")=0,"PASS","FAIL") -> PASS | C8: 仅允许0/1/2/3或空白
A9: CPR有效n=139 | B9: =IF(COUNT(跨国底稿!$K$5:$K$171)=139,"PASS","FAIL") -> PASS | C9: 逐国CPR原始覆盖
A10: CPR模型n=138 | B10: =IF(COUNTIFS(跨国底稿!$K$5:$K$171,"<>",跨国底稿!$H$5:$H$171,"<>")=138,"PASS","FAIL") -> PASS | C10: PSE因政治体制缺失再少1国
A11: CPR缺失=28 | B11: =IF(COUNTIF(跨国底稿!$M$5:$M$171,"Missing")=28,"PASS","FAIL") -> PASS | C11: 与刷新后的逐国表一致
A12: CPR年份2010-2023 | B12: =IF(AND(MIN(跨国底稿!$L$5:$L$171)>=2010,MAX(跨国底稿!$L$5:$L$171)<=2023),"PASS","FAIL") -> PASS | C12: 主样本年份规则
A13: 无公式错误 | B13: =IF(SUMPRODUCT(--ISERROR(跨国底稿!$G$5:$G$171))+SUMPRODUCT(--ISERROR(跨国底稿!$M$5:$N$171))=0,"PASS","FAIL") -> PASS | C13: 关键公式列

Sheet 分析复现说明
A1: 分析复现说明
A2: 「模型结果」「稳健性分析」「模型输出与HC3结果」三表的数值由外部统计程序根据「跨国底稿」计算后录入，不随逐国数据自动重算。下列代码可在任意装有 NumPy 的 Python 3 环境中完整复现三表全部数值。
A4: # Requires: Python 3, NumPy, and openpyxl. No dedicated statistical package is used.
A5: # p values and 95% CIs use the t distribution with finite degrees of freedom (not a normal approximation).
A6: # 输入：本工作簿「跨国底稿」工作表，第 5-171 行，列 C=MMR、E=原始GDP、H=政治体制代码、K=CPR、L=CPR年份。
A7: # G 列 logGDP = LN(E)，N 列 log(MMR) = LN(C)，O/Q/R 列为派生虚拟变量（均为工作簿内公式）。
A8: # 输出：与「模型结果」「稳健性分析」「模型输出与HC3结果」三表逐位一致（误差量级 1e-10 以下）。
A9: import numpy as np, openpyxl
A10: from math import lgamma, exp, log
A11: # 自动定位同目录下的数据表工作簿（无需改名即可运行）
A12: import glob as _glob, os as _os
A13: _cand = _glob.glob(_os.path.join(_os.path.dirname(_os.path.abspath(__file__)) or ".", "*数据表*.xlsx"))
... A82: ols(cpr, [e1, e2, e3, c_lg], ["Intercept", "regime_1", "regime_2", "regime_3", "logGDP"]) # M7
